{"mu": [182.15012393137573, 240.50800991357903, 251.02171404656005], "sd": [35.70002852243128, 6.893770041901585, 2.506964372139652], "mix": [0.24463298539462275, 0.4557442196915428, 0.29962100459290447]}