{"mu": [180.96180770256217, 238.7219884868949, 248.32945034333315, 252.94143838650726], "sd": [35.31109007596325, 6.828434638736133, 2.950775894318772, 1.3174455578108455], "mix": [0.23858076866957548, 0.36763491638107276, 0.25130696361409327, 0.1424755767806167]}