{"mu": [229.3831306120727], "sd": [32.82745895824644], "mix": [0.9999874337330763]}