{"mu": [168.46446028027572, 209.55590036651336, 243.37992498192494], "sd": [16.097718897921972, 18.83678184293471, 5.25720455254787], "mix": [0.3468348539461171, 0.40197087603589, 0.2511928297381281]}