{"mu": [113.06148917905183, 184.24370173882753, 208.0177777387891, 223.860735696654], "sd": [35.399861789842106, 37.91898830323629, 9.917114703345282, 4.308600862831413], "mix": [0.08682023043815519, 0.34845439440382464, 0.06004537766545771, 0.5046772016704415]}