{"mu": [199.49016264923358], "sd": [40.717193318324426], "mix": [0.9999679094408203]}