{"mu": [189.40052178908036, 242.73356725772592], "sd": [26.42349691168027, 5.779594533943428], "mix": [0.730001774297607, 0.2699968419717941]}