{"mu": [172.62257223775885, 223.5934027264096], "sd": [45.98311599617611, 4.5743974011096755], "mix": [0.47298000742011054, 0.527016573002596]}