{"mu": [186.06006397431122, 245.0453549590385], "sd": [36.898699979680025, 7.161474148018199], "mix": [0.2655487435615707, 0.7344494112322522]}