{"mu": [151.39114693686432, 214.43903046627963, 223.81580577036056], "sd": [41.95611160845468, 18.882046028807412, 3.978843000991503], "mix": [0.3051492451354075, 0.23785633979849505, 0.45699144916485807]}