{"mu": [161.47715840423717, 193.56060972803826, 239.99368247314817, 244.0866495845414], "sd": [10.707498549459013, 25.05454568095229, 8.216493978330055, 3.316876020231079], "mix": [0.1122631097099579, 0.5997042488573913, 0.17386209229433025, 0.114169076697181]}