{"mu": [203.80029189860943], "sd": [32.85327842938043], "mix": [0.9999984488276302]}